<?xml version="1.0" encoding="UTF-8"?>
<project-private xmlns="http://www.netbeans.org/ns/project-private/1">
    <editor-bookmarks xmlns="http://www.netbeans.org/ns/editor-bookmarks/2" lastBookmarkId="0"/>
    <open-files xmlns="http://www.netbeans.org/ns/projectui-open-files/2">
        <group>
            <file>file:/C:/Users/jaya/Documents/NetBeansProjects/JobPortralproj/web/HR.jsp</file>
            <file>file:/C:/Users/jaya/Documents/NetBeansProjects/JobPortralproj/src/java/Controller/registerVendor.java</file>
            <file>file:/C:/Users/jaya/Documents/NetBeansProjects/JobPortralproj/web/user.jsp</file>
            <file>file:/C:/Users/jaya/Documents/NetBeansProjects/JobPortralproj/web/addDetail.jsp</file>
            <file>file:/C:/Users/jaya/Documents/NetBeansProjects/JobPortralproj/src/java/Controller/ViewServlet.java</file>
            <file>file:/C:/Users/jaya/Documents/NetBeansProjects/JobPortralproj/src/java/DAO/EmpDao.java</file>
            <file>file:/C:/Users/jaya/Documents/NetBeansProjects/JobPortralproj/web/search.jsp</file>
            <file>file:/C:/Users/jaya/Documents/NetBeansProjects/JobPortralproj/src/java/Controller/LoginServlet.java</file>
            <file>file:/C:/Users/jaya/Documents/NetBeansProjects/JobPortralproj/web/Login.jsp</file>
            <file>file:/C:/Users/jaya/Documents/NetBeansProjects/JobPortralproj/src/java/POJO/vendorBean.java</file>
            <file>file:/C:/Users/jaya/Documents/NetBeansProjects/JobPortralproj/web/usercallview.jsp</file>
            <file>file:/C:/Users/jaya/Documents/NetBeansProjects/JobPortralproj/web/ApproveReport.jsp</file>
            <file>file:/C:/Users/jaya/Documents/NetBeansProjects/JobPortralproj/web/EmployeeView.jsp</file>
            <file>file:/C:/Users/jaya/Documents/NetBeansProjects/JobPortralproj/web/Vendor.jsp</file>
            <file>file:/C:/Users/jaya/Documents/NetBeansProjects/JobPortralproj/web/searchskill.jsp</file>
            <file>file:/C:/Users/jaya/Documents/NetBeansProjects/JobPortralproj/web/hrcallletter.jsp</file>
            <file>file:/C:/Users/jaya/Documents/NetBeansProjects/JobPortralproj/src/java/Controller/RegisterServlet.java</file>
            <file>file:/C:/Users/jaya/Documents/NetBeansProjects/JobPortralproj/web/Admin.jsp</file>
        </group>
    </open-files>
</project-private>
